"parcel_id","is_target","dist_to_point_m","Foglio","particella","area_m2","area_cadastral_m2","FID","Id","Acad_angle","Gislink","Perimeter","Irr","ConStr","DataIn","DataFi","Sezione","perimeter_m","dtm_cells_1m","elev_min","elev_mean","elev_max","slope_min","slope_mean","slope_max","slope_mean_pct","aspect_mean_deg","south_facing_pct","southness","sun_winter_idx","sun_equinox_idx","aspect_dir","ov_destinazioni_urbanistiche","ov_vincolo_idrogeologico","ov_lettera_g_i_territori_coperti_da_foreste_e_boschi","ov_ambiti_di_paesaggio","ov_unita_di_paesaggio","ov_coperturaboscata","ov_morfologie_insediative","buildings_n","buildings_m2","buildings"
"F20-311",TRUE,0,20,"311",844.9,829,9767,0,0,9768,120," "," ","20100107"," ","-",121.2,844,409.33,411.84,416.33,4.55,9.93,20.12,17.58,159.63,72.39,0.83,1.35,1.13,"S","E - agricultural zone (100%)",,,"Plain landscape area (Ambito Piana) (100%)","Rural (55%)",,"m.i. 10 - rural areas of plain or hill (PPR settlement class 10) (100%)",1,114.2,"311-1"
"F20-312",FALSE,9.2,20,"312",4628.7,4647,9768,0,0,9769,462," "," ","20100107"," ","-",462.4,4635,403.21,408.62,416.78,1.78,13.75,27.69,24.71,163.66,83.67,0.85,1.48,1.17,"S","E - agricultural zone (100%)",,"Chestnut woods (21%)","Plain landscape area (Ambito Piana) (100%)","Rural, significant and intact (61%)","Forest cover (21%)","m.i. 10 - rural areas of plain or hill (PPR settlement class 10) (79%)",0,0,
"F20-476",FALSE,16.6,20,"476",1944.8,1963,9903,0,0,9904,219," "," ","20100107"," ","-",217.4,1945,411.87,420.11,426.86,8.09,13.18,23.73,23.47,160.29,88.48,0.88,1.48,1.18,"S","E - agricultural zone (100%)",,,"Plain landscape area (Ambito Piana) (100%)","Rural (91%)",,"m.i. 10 - rural areas of plain or hill (PPR settlement class 10) (100%)",0,0,
"F20-473",FALSE,19.6,20,"473",2720.8,2711,9900,0,0,9901,217," "," ","20100107"," ","-",217.5,2722,409.68,417.68,424.96,11.43,17.13,22.52,30.85,167.06,100,0.95,1.65,1.23,"S","E - agricultural zone (100%)",,,"Plain landscape area (Ambito Piana) (100%)","Rural, significant and intact (99%)",,"m.i. 10 - rural areas of plain or hill (PPR settlement class 10) (100%)",0,0,
"F30-225",FALSE,27.5,30,"225",2110.8,2154,15848,0,0,15849,260," "," ","20100107"," ","-",258.6,2107,397.55,402.06,407.33,1.47,6.74,14.32,11.86,131.25,42.67,0.6,1.17,1.06,"SE","E - agricultural zone (100%)","Hydrogeological restriction (100%)","Maple-lime-ash woods (48%)","Plain landscape area (Ambito Piana) (100%)","Rural (100%)","Forest cover (91%)","m.i. 10 - rural areas of plain or hill (PPR settlement class 10) (9%)",0,0,
"F20-764",FALSE,28.4,20,"764",1817.1,1850,10118,0,0,10119,270," "," ","20100107"," ","-",268.1,1814,405.7,409.56,416.41,2.5,17.25,33.36,31.81,84.33,12.95,-0.08,0.78,0.88,"E","E - agricultural zone (100%)",,"Chestnut woods (100%)","Plain landscape area (Ambito Piana) (100%)","Rural (100%)","Forest cover (100%)",,0,0,
"F30-226",FALSE,28.6,30,"226",771.9,780,15847,0,0,15848,118," "," ","20100107"," ","-",117.4,764,401.48,403.61,406.6,3.04,6.86,10.52,12.04,155.06,85.86,0.87,1.25,1.1,"SE","E - agricultural zone (100%)","Hydrogeological restriction (100%)","Maple-lime-ash woods (70%)","Plain landscape area (Ambito Piana) (100%)","Rural (75%)","Forest cover (82%)","m.i. 10 - rural areas of plain or hill (PPR settlement class 10) (18%)",0,0,
"F20-763",FALSE,40.5,20,"763",2165.2,2177,10117,0,0,10118,245," "," ","20100107"," ","-",244.9,2168,397.33,402.1,404.71,5.25,10.78,19.25,19.09,136.59,55.63,0.71,1.32,1.12,"SE","E - agricultural zone (100%)",,,"Plain landscape area (Ambito Piana) (100%)","Rural, significant and intact (100%)",,"m.i. 10 - rural areas of plain or hill (PPR settlement class 10) (100%)",0,0,
"F20-458",FALSE,40.9,20,"458",2080.3,2084,9885,0,0,9886,210," "," ","20100107"," ","-",209.2,2079,412.94,419.45,426.5,3.59,20.12,29.88,36.96,215.98,74.27,0.78,1.6,1.2,"SW","E - agricultural zone (100%)",,"Chestnut woods (51%)","Plain landscape area (Ambito Piana) (100%)","Rural (100%)","Forest cover (51%)","m.i. 10 - rural areas of plain or hill (PPR settlement class 10) (49%)",0,0,
"F30-413",FALSE,51.6,30,"413",1534.3,1535,15681,0,0,15682,163," "," ","20100107"," ","-",162.4,1533,412.59,424.16,433.77,17.94,25.31,38.11,47.58,116.5,43.31,0.38,1.24,1.04,"SE","E - agricultural zone (100%)","Hydrogeological restriction (100%)","Chestnut woods (100%)","Plain landscape area (Ambito Piana) (100%)","Rural (100%)","Forest cover (100%)",,0,0,
"F20-1069",FALSE,52.7,20,"1069",9716.8,0,26965,0,0,26966,0," "," ","20130628"," ","-",642.7,9727,421.89,440.95,451.77,3.88,15.64,32.87,28.33,168.36,75.61,0.68,1.43,1.14,"S","E - agricultural zone (100%)",,"Chestnut woods (17%)","Plain landscape area (Ambito Piana) (100%)","Rural (52%)","Forest cover (17%)","m.i. 10 - rural areas of plain or hill (PPR settlement class 10) (83%)",0,0,
"F30-267",FALSE,52.8,30,"267",416.3,416,15813,0,0,15814,121," "," ","20100107"," ","-",120.8,417,412.89,428.66,436.71,11.93,26.08,39.44,50.48,86.23,17.27,-0.05,0.7,0.8,"E","E - agricultural zone (100%)","Hydrogeological restriction (100%)","Chestnut woods (100%)","Plain landscape area (Ambito Piana) (100%)","Rural (100%)","Forest cover (100%)",,0,0,
"F20-300",FALSE,53.1,20,"300",2348.9,2359,9757,0,0,9758,208," "," ","20100107"," ","-",207.1,2348,422.39,429.8,438.52,16.16,20.51,26.29,37.49,172.34,100,0.95,1.77,1.27,"S","E - agricultural zone (100%)",,,"Plain landscape area (Ambito Piana) (100%)","Rural, significant and intact (79%)",,"m.i. 10 - rural areas of plain or hill (PPR settlement class 10) (100%)",0,0,
"F30-222",FALSE,54.8,30,"222",787.7,793,15851,0,0,15852,147," "," ","20100107"," ","-",146.7,788,413.24,427.68,441.25,11.76,28.32,38.96,55.4,56.6,0.38,-0.5,0.32,0.6,"NE","E - agricultural zone (100%)","Hydrogeological restriction (100%)","Chestnut woods (100%)","Plain landscape area (Ambito Piana) (100%)","Rural (100%)","Forest cover (100%)",,0,0,
"F20-462",FALSE,56.3,20,"462",5894.6,5879,9889,0,0,9890,420," "," ","20100107"," ","-",420.4,5915,392.34,398.31,402.78,1.03,6.59,25.36,11.6,118.19,11.58,0.38,1.08,1.03,"SE","E - agricultural zone (100%)",,"Maple-lime-ash woods (46%)","Plain landscape area (Ambito Piana) (100%)","Rural, significant and intact (80%)","Forest cover (45%)","m.i. 10 - rural areas of plain or hill (PPR settlement class 10) (55%)",0,0,
"F30-398",FALSE,60.9,30,"398",70.5,71,15695,0,0,15696,104," "," ","20100107"," ","-",103.6,71,415.59,421.73,424.32,18.5,20.89,25.53,38.2,141.02,71.83,0.77,1.61,1.2,"SE","E - agricultural zone (100%)","Hydrogeological restriction (100%)","Chestnut woods (100%)","Plain landscape area (Ambito Piana) (100%)","Rural (100%)","Forest cover (100%)",,0,0,
"F30-217",FALSE,60.9,30,"217",871.7,876,15854,0,0,15855,138," "," ","20100107"," ","-",137.7,871,411.78,416.88,423.38,17.96,21.28,27.41,38.99,139.83,68.31,0.75,1.6,1.2,"SE","E - agricultural zone (100%)","Hydrogeological restriction (100%)","Chestnut woods (100%)","Plain landscape area (Ambito Piana) (100%)","Rural (100%)","Forest cover (100%)",,0,0,
"F30-223",FALSE,64.6,30,"223",1380.2,1397,15850,0,0,15851,168," "," ","20100107"," ","-",167,1381,405.3,409.48,414.01,10.85,17.02,23.44,30.66,137.28,67.49,0.71,1.48,1.16,"SE","E - agricultural zone (100%)","Hydrogeological restriction (100%)","Chestnut woods (100%)","Plain landscape area (Ambito Piana) (100%)","Rural (100%)","Forest cover (100%)",,0,0,
"F30-289",FALSE,66.4,30,"289",1450.8,1456,15772,0,0,15773,190," "," ","20100107"," ","-",189.6,1439,397.38,399.57,402.06,0.67,3.96,7.73,6.94,147.06,70.81,0.7,1.14,1.05,"SE","E - agricultural zone (100%)","Hydrogeological restriction (100%)","Maple-lime-ash woods (100%)","Plain landscape area (Ambito Piana) (100%)","Rural (99%)","Forest cover (99%)","m.i. 10 - rural areas of plain or hill (PPR settlement class 10) (1%)",0,0,
"F20-310",FALSE,73.6,20,"310",916.2,920,9766,0,0,9767,121," "," ","20100107"," ","-",120.8,911,413.98,429.2,441.89,19.77,35.12,45.24,71.56,41.87,0,-0.73,0.08,0.39,"NE","E - agricultural zone (100%)",,"Chestnut woods (100%)","Plain landscape area (Ambito Piana) (100%)","Rural (100%)","Forest cover (100%)",,0,0,
"F30-224",FALSE,74.4,30,"224",2711.7,2744,15849,0,0,15850,224," "," ","20100107"," ","-",223.4,2715,398.04,401.73,407.34,1.81,8.75,18.78,15.47,142.77,74.7,0.75,1.28,1.1,"SE","E - agricultural zone (100%)","Hydrogeological restriction (100%)","Chestnut woods (57%)","Plain landscape area (Ambito Piana) (100%)","Rural (100%)","Forest cover (57%)","m.i. 10 - rural areas of plain or hill (PPR settlement class 10) (43%)",0,0,
"F20-459",FALSE,77.1,20,"459",7245.4,7157,9886,0,0,9887,490," "," ","20100107"," ","-",492.1,7240,411.92,433.6,459.85,2.92,20.66,36.93,38.25,85.88,5.06,-0.06,0.84,0.89,"E","E - agricultural zone (100%)",,"Chestnut woods (100%)","Plain landscape area (Ambito Piana) (100%)","Rural (100%)","Forest cover (100%)",,0,0,
"F20-475",FALSE,80.3,20,"475",1318.4,1329,9902,0,0,9903,200," "," ","20100107"," ","-",199.3,1317,408.56,424.62,435.75,15.55,18.22,23.06,32.93,164.35,100,0.93,1.68,1.24,"S","E - agricultural zone (100%)",,,"Plain landscape area (Ambito Piana) (100%)","Rural, significant and intact (100%)",,"m.i. 10 - rural areas of plain or hill (PPR settlement class 10) (100%)",0,0,
"F20-456",FALSE,85.3,20,"456",2031.8,2033,9883,0,0,9884,216," "," ","20100107"," ","-",215.4,2029,389.82,400.17,410.88,3.35,19.44,24.68,35.5,139.01,62.25,0.7,1.55,1.18,"SE","E - agricultural zone (100%)",,"Maple-lime-ash woods (18%)","Plain landscape area (Ambito Piana) (100%)","Rural, significant and intact (100%)","Forest cover (18%)","m.i. 10 - rural areas of plain or hill (PPR settlement class 10) (82%)",0,0,
"F20-313",FALSE,85.4,20,"313",3500.4,3485,9769,0,0,9770,289," "," ","20100107"," ","-",288.5,3503,391.13,396.17,399.31,0.76,7.01,26.55,12.37,107.17,24.81,0.17,1.01,1,"E","E - agricultural zone (100%)",,"Maple-lime-ash woods (88%)","Plain landscape area (Ambito Piana) (100%)","Rural, significant and intact (100%)","Forest cover (88%)","m.i. 10 - rural areas of plain or hill (PPR settlement class 10) (12%)",0,0,
"F20-297",FALSE,87.4,20,"297",12929.1,0,26996,0,0,26997,0," "," ","20130628"," ","-",549.8,12941,403.72,426.36,444.69,1.2,18.48,28.88,33.67,142.81,80.12,0.65,1.52,1.17,"SE","E - agricultural zone (97%)",,"Chestnut woods (8%)","Plain landscape area (Ambito Piana) (100%)","Rural, significant and intact (100%)","Forest cover (8%)","m.i. 10 - rural areas of plain or hill (PPR settlement class 10) (92%)",0,0,
"F20-647",FALSE,93.6,20,"647",1553.8,1522,10043,0,0,10044,178," "," ","20100107"," ","-",180,1557,416.87,430.96,444.97,27.82,36.75,42.45,75.17,54.35,0,-0.57,0.06,0.46,"NE","E - agricultural zone (100%)",,"Chestnut woods (100%)","Plain landscape area (Ambito Piana) (100%)","Rural (100%)","Forest cover (100%)",,0,0,
